"LOCATION","INDICATOR","SUBJECT","MEASURE","FREQUENCY","TIME","Value","Flag Codes"
"AUS","SIGI","DISCRIMFAMCODE","IDX","A","2019",21.8,
"AUS","SIGI","RESTRCIVLIB","IDX","A","2019",23.6,
"AUS","SIGI","RESTRRESASSETS","IDX","A","2014",0,
"AUS","SIGI","RESTRRESASSETS","IDX","A","2019",4.9,
"AUT","SIGI","DISCRIMFAMCODE","IDX","A","2019",22.1,
"AUT","SIGI","RESTRCIVLIB","IDX","A","2019",12.1,
"AUT","SIGI","RESTRRESASSETS","IDX","A","2014",0,
"AUT","SIGI","RESTRRESASSETS","IDX","A","2019",4,
"BEL","SIGI","TOT","IDX","A","2019",11.2,
"BEL","SIGI","DISCRIMFAMCODE","IDX","A","2019",22,
"BEL","SIGI","RESTRCIVLIB","IDX","A","2019",10.3,
"BEL","SIGI","RESTRPHYSINTEG","IDX","A","2019",8.4,
"BEL","SIGI","RESTRRESASSETS","IDX","A","2014",0,
"BEL","SIGI","RESTRRESASSETS","IDX","A","2019",3.3,
"CAN","SIGI","DISCRIMFAMCODE","IDX","A","2019",26.5,
"CAN","SIGI","RESTRCIVLIB","IDX","A","2019",23.5,
"CAN","SIGI","RESTRRESASSETS","IDX","A","2014",0,
"CAN","SIGI","RESTRRESASSETS","IDX","A","2019",17.4,
"CZE","SIGI","TOT","IDX","A","2019",19.8,
"CZE","SIGI","DISCRIMFAMCODE","IDX","A","2019",27.3,
"CZE","SIGI","RESTRCIVLIB","IDX","A","2019",26.3,
"CZE","SIGI","RESTRPHYSINTEG","IDX","A","2019",12.8,
"CZE","SIGI","RESTRRESASSETS","IDX","A","2014",0,
"CZE","SIGI","RESTRRESASSETS","IDX","A","2019",11.9,
"DNK","SIGI","DISCRIMFAMCODE","IDX","A","2019",15,
"DNK","SIGI","RESTRCIVLIB","IDX","A","2019",11,
"DNK","SIGI","RESTRRESASSETS","IDX","A","2014",0,
"DNK","SIGI","RESTRRESASSETS","IDX","A","2019",4.8,
"FIN","SIGI","DISCRIMFAMCODE","IDX","A","2019",21.8,
"FIN","SIGI","RESTRCIVLIB","IDX","A","2019",18.3,
"FIN","SIGI","RESTRRESASSETS","IDX","A","2014",0,
"FIN","SIGI","RESTRRESASSETS","IDX","A","2019",3.8,
"FRA","SIGI","TOT","IDX","A","2019",11.1,
"FRA","SIGI","DISCRIMFAMCODE","IDX","A","2019",27.6,
"FRA","SIGI","RESTRCIVLIB","IDX","A","2019",5.3,
"FRA","SIGI","RESTRPHYSINTEG","IDX","A","2019",6,
"FRA","SIGI","RESTRRESASSETS","IDX","A","2014",0,
"FRA","SIGI","RESTRRESASSETS","IDX","A","2019",3.6,
"DEU","SIGI","DISCRIMFAMCODE","IDX","A","2019",18.1,
"DEU","SIGI","RESTRCIVLIB","IDX","A","2019",14.3,
"DEU","SIGI","RESTRRESASSETS","IDX","A","2014",0,
"DEU","SIGI","RESTRRESASSETS","IDX","A","2019",13.1,
"GRC","SIGI","DISCRIMFAMCODE","IDX","A","2019",45.1,
"GRC","SIGI","RESTRCIVLIB","IDX","A","2019",16.6,
"GRC","SIGI","RESTRRESASSETS","IDX","A","2014",0,
"GRC","SIGI","RESTRRESASSETS","IDX","A","2019",33.3,
"HUN","SIGI","RESTRCIVLIB","IDX","A","2019",27.6,
"HUN","SIGI","RESTRPHYSINTEG","IDX","A","2019",17.1,
"HUN","SIGI","RESTRRESASSETS","IDX","A","2014",0,
"HUN","SIGI","RESTRRESASSETS","IDX","A","2019",23.4,
"ISL","SIGI","DISCRIMFAMCODE","IDX","A","2019",21.8,
"ISL","SIGI","RESTRCIVLIB","IDX","A","2019",17.4,
"ISL","SIGI","RESTRRESASSETS","IDX","A","2014",0,
"IRL","SIGI","DISCRIMFAMCODE","IDX","A","2019",21.8,
"IRL","SIGI","RESTRCIVLIB","IDX","A","2019",11.8,
"IRL","SIGI","RESTRRESASSETS","IDX","A","2014",0,
"IRL","SIGI","RESTRRESASSETS","IDX","A","2019",15.9,
"ITA","SIGI","TOT","IDX","A","2019",13.5,
"ITA","SIGI","DISCRIMFAMCODE","IDX","A","2019",21.8,
"ITA","SIGI","RESTRCIVLIB","IDX","A","2019",8.9,
"ITA","SIGI","RESTRPHYSINTEG","IDX","A","2019",14.7,
"ITA","SIGI","RESTRRESASSETS","IDX","A","2014",0,
"ITA","SIGI","RESTRRESASSETS","IDX","A","2019",8,
"JPN","SIGI","DISCRIMFAMCODE","IDX","A","2019",20.2,
"JPN","SIGI","RESTRCIVLIB","IDX","A","2019",24.8,
"JPN","SIGI","RESTRRESASSETS","IDX","A","2014",0,
"JPN","SIGI","RESTRRESASSETS","IDX","A","2019",29.6,
"KOR","SIGI","DISCRIMFAMCODE","IDX","A","2019",21.8,
"KOR","SIGI","RESTRCIVLIB","IDX","A","2019",20.4,
"KOR","SIGI","RESTRRESASSETS","IDX","A","2014",40.76,
"KOR","SIGI","RESTRRESASSETS","IDX","A","2019",33,
"LUX","SIGI","DISCRIMFAMCODE","IDX","A","2019",21.9,
"LUX","SIGI","RESTRCIVLIB","IDX","A","2019",8.1,
"LUX","SIGI","RESTRRESASSETS","IDX","A","2014",0,
"LUX","SIGI","RESTRRESASSETS","IDX","A","2019",7.3,
"MEX","SIGI","DISCRIMFAMCODE","IDX","A","2019",60.4,
"MEX","SIGI","RESTRCIVLIB","IDX","A","2019",14.6,
"MEX","SIGI","RESTRPHYSINTEG","IDX","A","2019",15.6,
"MEX","SIGI","RESTRRESASSETS","IDX","A","2014",38.85,
"MEX","SIGI","RESTRRESASSETS","IDX","A","2019",17.5,
"NLD","SIGI","DISCRIMFAMCODE","IDX","A","2019",23.8,
"NLD","SIGI","RESTRCIVLIB","IDX","A","2019",21.1,
"NLD","SIGI","RESTRRESASSETS","IDX","A","2014",0,
"NLD","SIGI","RESTRRESASSETS","IDX","A","2019",5,
"NZL","SIGI","DISCRIMFAMCODE","IDX","A","2019",21.9,
"NZL","SIGI","RESTRCIVLIB","IDX","A","2019",22,
"NZL","SIGI","RESTRRESASSETS","IDX","A","2014",0,
"NZL","SIGI","RESTRRESASSETS","IDX","A","2019",4.3,
"NOR","SIGI","DISCRIMFAMCODE","IDX","A","2019",27.3,
"NOR","SIGI","RESTRCIVLIB","IDX","A","2019",19.5,
"NOR","SIGI","RESTRRESASSETS","IDX","A","2014",0,
"NOR","SIGI","RESTRRESASSETS","IDX","A","2019",2.2,
"POL","SIGI","DISCRIMFAMCODE","IDX","A","2019",21.9,
"POL","SIGI","RESTRCIVLIB","IDX","A","2019",12.5,
"POL","SIGI","RESTRRESASSETS","IDX","A","2014",0,
"POL","SIGI","RESTRRESASSETS","IDX","A","2019",15.3,
"PRT","SIGI","DISCRIMFAMCODE","IDX","A","2019",21.8,
"PRT","SIGI","RESTRCIVLIB","IDX","A","2019",11.4,
"PRT","SIGI","RESTRRESASSETS","IDX","A","2014",0,
"PRT","SIGI","RESTRRESASSETS","IDX","A","2019",3.2,
"SVK","SIGI","DISCRIMFAMCODE","IDX","A","2019",26.5,
"SVK","SIGI","RESTRCIVLIB","IDX","A","2019",24.4,
"SVK","SIGI","RESTRRESASSETS","IDX","A","2014",0,
"SVK","SIGI","RESTRRESASSETS","IDX","A","2019",7.5,
"ESP","SIGI","TOT","IDX","A","2019",14.3,
"ESP","SIGI","DISCRIMFAMCODE","IDX","A","2019",27.7,
"ESP","SIGI","RESTRCIVLIB","IDX","A","2019",5.8,
"ESP","SIGI","RESTRPHYSINTEG","IDX","A","2019",11.7,
"ESP","SIGI","RESTRRESASSETS","IDX","A","2014",0,
"ESP","SIGI","RESTRRESASSETS","IDX","A","2019",10.5,
"SWE","SIGI","DISCRIMFAMCODE","IDX","A","2019",15.1,
"SWE","SIGI","RESTRCIVLIB","IDX","A","2019",16.2,
"SWE","SIGI","RESTRRESASSETS","IDX","A","2014",0,
"SWE","SIGI","RESTRRESASSETS","IDX","A","2019",2.1,
"CHE","SIGI","DISCRIMFAMCODE","IDX","A","2019",0.1,
"CHE","SIGI","RESTRCIVLIB","IDX","A","2019",6.5,
"CHE","SIGI","RESTRRESASSETS","IDX","A","2014",0,
"CHE","SIGI","RESTRRESASSETS","IDX","A","2019",11.9,
"TUR","SIGI","TOT","IDX","A","2019",25.1,
"TUR","SIGI","DISCRIMFAMCODE","IDX","A","2019",33.2,
"TUR","SIGI","RESTRCIVLIB","IDX","A","2019",20,
"TUR","SIGI","RESTRPHYSINTEG","IDX","A","2019",7.8,
"TUR","SIGI","RESTRRESASSETS","IDX","A","2014",0,
"TUR","SIGI","RESTRRESASSETS","IDX","A","2019",36.6,
"GBR","SIGI","DISCRIMFAMCODE","IDX","A","2019",27.6,
"GBR","SIGI","RESTRCIVLIB","IDX","A","2019",6.7,
"GBR","SIGI","RESTRRESASSETS","IDX","A","2014",38.85,
"GBR","SIGI","RESTRRESASSETS","IDX","A","2019",9.5,
"USA","SIGI","DISCRIMFAMCODE","IDX","A","2019",26.6,
"USA","SIGI","RESTRCIVLIB","IDX","A","2019",22.9,
"USA","SIGI","RESTRPHYSINTEG","IDX","A","2019",10.5,
"USA","SIGI","RESTRRESASSETS","IDX","A","2014",0,
"USA","SIGI","RESTRRESASSETS","IDX","A","2019",10.6,
"ALB","SIGI","TOT","IDX","A","2019",22.6,
"ALB","SIGI","DISCRIMFAMCODE","IDX","A","2019",33.3,
"ALB","SIGI","RESTRCIVLIB","IDX","A","2019",13.4,
"ALB","SIGI","RESTRPHYSINTEG","IDX","A","2019",16.4,
"ALB","SIGI","RESTRRESASSETS","IDX","A","2014",40.76,
"ALB","SIGI","RESTRRESASSETS","IDX","A","2019",26,
"DZA","SIGI","DISCRIMFAMCODE","IDX","A","2019",79.9,
"DZA","SIGI","RESTRCIVLIB","IDX","A","2019",61.3,
"DZA","SIGI","RESTRRESASSETS","IDX","A","2014",59.13,
"DZA","SIGI","RESTRRESASSETS","IDX","A","2019",41.2,
"ARG","SIGI","DISCRIMFAMCODE","IDX","A","2019",23.1,
"ARG","SIGI","RESTRCIVLIB","IDX","A","2019",7.1,
"ARG","SIGI","RESTRRESASSETS","IDX","A","2014",20.48,
"ARG","SIGI","RESTRRESASSETS","IDX","A","2019",23,
"ARM","SIGI","TOT","IDX","A","2019",27.8,
"ARM","SIGI","DISCRIMFAMCODE","IDX","A","2019",33,
"ARM","SIGI","RESTRCIVLIB","IDX","A","2019",19.4,
"ARM","SIGI","RESTRPHYSINTEG","IDX","A","2019",34.5,
"ARM","SIGI","RESTRRESASSETS","IDX","A","2014",20.48,
"ARM","SIGI","RESTRRESASSETS","IDX","A","2019",23.4,
"AZE","SIGI","TOT","IDX","A","2019",28.7,
"AZE","SIGI","DISCRIMFAMCODE","IDX","A","2019",28.2,
"AZE","SIGI","RESTRCIVLIB","IDX","A","2019",21.4,
"AZE","SIGI","RESTRPHYSINTEG","IDX","A","2019",42.8,
"AZE","SIGI","RESTRRESASSETS","IDX","A","2014",18.37,
"AZE","SIGI","RESTRRESASSETS","IDX","A","2019",20.9,
"BGD","SIGI","TOT","IDX","A","2019",54.8,
"BGD","SIGI","DISCRIMFAMCODE","IDX","A","2019",82.9,
"BGD","SIGI","RESTRCIVLIB","IDX","A","2019",47.5,
"BGD","SIGI","RESTRPHYSINTEG","IDX","A","2019",28.9,
"BGD","SIGI","RESTRRESASSETS","IDX","A","2014",59.13,
"BGD","SIGI","RESTRRESASSETS","IDX","A","2019",52.1,
"BLR","SIGI","TOT","IDX","A","2019",20.6,
"BLR","SIGI","DISCRIMFAMCODE","IDX","A","2019",31.6,
"BLR","SIGI","RESTRCIVLIB","IDX","A","2019",20.5,
"BLR","SIGI","RESTRPHYSINTEG","IDX","A","2019",14.7,
"BLR","SIGI","RESTRRESASSETS","IDX","A","2014",0,
"BLR","SIGI","RESTRRESASSETS","IDX","A","2019",14.7,
"BIH","SIGI","TOT","IDX","A","2019",21.8,
"BIH","SIGI","DISCRIMFAMCODE","IDX","A","2019",27.4,
"BIH","SIGI","RESTRCIVLIB","IDX","A","2019",17.1,
"BIH","SIGI","RESTRPHYSINTEG","IDX","A","2019",10.9,
"BIH","SIGI","RESTRRESASSETS","IDX","A","2014",20.48,
"BIH","SIGI","RESTRRESASSETS","IDX","A","2019",30.6,
"BRA","SIGI","TOT","IDX","A","2019",21.2,
"BRA","SIGI","DISCRIMFAMCODE","IDX","A","2019",28,
"BRA","SIGI","RESTRCIVLIB","IDX","A","2019",23.9,
"BRA","SIGI","RESTRPHYSINTEG","IDX","A","2019",14.8,
"BRA","SIGI","RESTRRESASSETS","IDX","A","2014",18.37,
"BRA","SIGI","RESTRRESASSETS","IDX","A","2019",17.5,
"BGR","SIGI","TOT","IDX","A","2019",23.4,
"BGR","SIGI","DISCRIMFAMCODE","IDX","A","2019",27.5,
"BGR","SIGI","RESTRCIVLIB","IDX","A","2019",20.1,
"BGR","SIGI","RESTRPHYSINTEG","IDX","A","2019",15.6,
"BGR","SIGI","RESTRRESASSETS","IDX","A","2014",0,
"BGR","SIGI","RESTRRESASSETS","IDX","A","2019",29.7,
"KHM","SIGI","TOT","IDX","A","2019",29.5,
"KHM","SIGI","DISCRIMFAMCODE","IDX","A","2019",34.2,
"KHM","SIGI","RESTRCIVLIB","IDX","A","2019",40.9,
"KHM","SIGI","RESTRPHYSINTEG","IDX","A","2019",13.5,
"KHM","SIGI","RESTRRESASSETS","IDX","A","2014",20.28,
"KHM","SIGI","RESTRRESASSETS","IDX","A","2019",27.6,
"CHL","SIGI","DISCRIMFAMCODE","IDX","A","2019",36.4,
"CHL","SIGI","RESTRCIVLIB","IDX","A","2019",16.6,
"CHL","SIGI","RESTRRESASSETS","IDX","A","2014",0,
"CHL","SIGI","RESTRRESASSETS","IDX","A","2019",64.8,
"CHN","SIGI","DISCRIMFAMCODE","IDX","A","2019",18.4,
"CHN","SIGI","RESTRRESASSETS","IDX","A","2014",40.76,
"COL","SIGI","TOT","IDX","A","2019",15,
"COL","SIGI","DISCRIMFAMCODE","IDX","A","2019",9.6,
"COL","SIGI","RESTRCIVLIB","IDX","A","2019",20.6,
"COL","SIGI","RESTRPHYSINTEG","IDX","A","2019",14.9,
"COL","SIGI","RESTRRESASSETS","IDX","A","2014",0,
"COL","SIGI","RESTRRESASSETS","IDX","A","2019",14.5,
"HRV","SIGI","DISCRIMFAMCODE","IDX","A","2019",22,
"HRV","SIGI","RESTRCIVLIB","IDX","A","2019",17.9,
"HRV","SIGI","RESTRRESASSETS","IDX","A","2014",0,
"HRV","SIGI","RESTRRESASSETS","IDX","A","2019",29.1,
"CYP","SIGI","DISCRIMFAMCODE","IDX","A","2019",42.3,
"CYP","SIGI","RESTRCIVLIB","IDX","A","2019",36.7,
"CYP","SIGI","RESTRRESASSETS","IDX","A","2014",0,
"CYP","SIGI","RESTRRESASSETS","IDX","A","2019",19.3,
"EGY","SIGI","DISCRIMFAMCODE","IDX","A","2019",78.6,
"EGY","SIGI","RESTRRESASSETS","IDX","A","2014",59.13,
"EGY","SIGI","RESTRRESASSETS","IDX","A","2019",64.6,
"EST","SIGI","DISCRIMFAMCODE","IDX","A","2019",21.8,
"EST","SIGI","RESTRCIVLIB","IDX","A","2019",21.5,
"EST","SIGI","RESTRRESASSETS","IDX","A","2014",0,
"EST","SIGI","RESTRRESASSETS","IDX","A","2019",4.6,
"ETH","SIGI","TOT","IDX","A","2019",29.6,
"ETH","SIGI","DISCRIMFAMCODE","IDX","A","2019",34.8,
"ETH","SIGI","RESTRCIVLIB","IDX","A","2019",17.9,
"ETH","SIGI","RESTRPHYSINTEG","IDX","A","2019",30.8,
"ETH","SIGI","RESTRRESASSETS","IDX","A","2014",59.13,
"ETH","SIGI","RESTRRESASSETS","IDX","A","2019",34,
"GEO","SIGI","TOT","IDX","A","2019",24.8,
"GEO","SIGI","DISCRIMFAMCODE","IDX","A","2019",34,
"GEO","SIGI","RESTRCIVLIB","IDX","A","2019",18.7,
"GEO","SIGI","RESTRPHYSINTEG","IDX","A","2019",18.3,
"GEO","SIGI","RESTRRESASSETS","IDX","A","2014",40.76,
"GEO","SIGI","RESTRRESASSETS","IDX","A","2019",27.3,
"GHA","SIGI","TOT","IDX","A","2019",34.5,
"GHA","SIGI","DISCRIMFAMCODE","IDX","A","2019",59.5,
"GHA","SIGI","RESTRCIVLIB","IDX","A","2019",22.7,
"GHA","SIGI","RESTRPHYSINTEG","IDX","A","2019",20.2,
"GHA","SIGI","RESTRRESASSETS","IDX","A","2014",80.44,
"GHA","SIGI","RESTRRESASSETS","IDX","A","2019",30.7,
"HTI","SIGI","TOT","IDX","A","2019",39.9,
"HTI","SIGI","DISCRIMFAMCODE","IDX","A","2019",37.6,
"HTI","SIGI","RESTRCIVLIB","IDX","A","2019",59.1,
"HTI","SIGI","RESTRPHYSINTEG","IDX","A","2019",37.3,
"HTI","SIGI","RESTRRESASSETS","IDX","A","2014",20.48,
"HTI","SIGI","RESTRRESASSETS","IDX","A","2019",22,
"HKG","SIGI","DISCRIMFAMCODE","IDX","A","2019",21.8,
"HKG","SIGI","RESTRCIVLIB","IDX","A","2019",26.7,
"HKG","SIGI","RESTRRESASSETS","IDX","A","2014",40.76,
"HKG","SIGI","RESTRRESASSETS","IDX","A","2019",13.4,
"IND","SIGI","TOT","IDX","A","2019",34,
"IND","SIGI","DISCRIMFAMCODE","IDX","A","2019",46.9,
"IND","SIGI","RESTRCIVLIB","IDX","A","2019",21.2,
"IND","SIGI","RESTRPHYSINTEG","IDX","A","2019",29.3,
"IND","SIGI","RESTRRESASSETS","IDX","A","2014",59.13,
"IND","SIGI","RESTRRESASSETS","IDX","A","2019",36.9,
"IDN","SIGI","TOT","IDX","A","2019",41.6,
"IDN","SIGI","DISCRIMFAMCODE","IDX","A","2019",63.1,
"IDN","SIGI","RESTRCIVLIB","IDX","A","2019",40.4,
"IDN","SIGI","RESTRPHYSINTEG","IDX","A","2019",21.9,
"IDN","SIGI","RESTRRESASSETS","IDX","A","2014",18.37,
"IDN","SIGI","RESTRRESASSETS","IDX","A","2019",36.5,
"IRN","SIGI","DISCRIMFAMCODE","IDX","A","2019",89.9,
"IRN","SIGI","RESTRCIVLIB","IDX","A","2019",75.1,
"IRN","SIGI","RESTRRESASSETS","IDX","A","2014",59.13,
"IRN","SIGI","RESTRRESASSETS","IDX","A","2019",22.5,
"ISR","SIGI","DISCRIMFAMCODE","IDX","A","2019",46.8,
"ISR","SIGI","RESTRCIVLIB","IDX","A","2019",38.4,
"ISR","SIGI","RESTRRESASSETS","IDX","A","2014",0,
"ISR","SIGI","RESTRRESASSETS","IDX","A","2019",28.3,
"KAZ","SIGI","TOT","IDX","A","2019",22.5,
"KAZ","SIGI","DISCRIMFAMCODE","IDX","A","2019",22.4,
"KAZ","SIGI","RESTRCIVLIB","IDX","A","2019",21.8,
"KAZ","SIGI","RESTRPHYSINTEG","IDX","A","2019",14.4,
"KAZ","SIGI","RESTRRESASSETS","IDX","A","2014",40.76,
"KAZ","SIGI","RESTRRESASSETS","IDX","A","2019",30.6,
"LVA","SIGI","TOT","IDX","A","2019",17.8,
"LVA","SIGI","DISCRIMFAMCODE","IDX","A","2019",21.8,
"LVA","SIGI","RESTRCIVLIB","IDX","A","2019",27.7,
"LVA","SIGI","RESTRPHYSINTEG","IDX","A","2019",15.7,
"LVA","SIGI","RESTRRESASSETS","IDX","A","2014",0,
"LVA","SIGI","RESTRRESASSETS","IDX","A","2019",4.6,
"LTU","SIGI","TOT","IDX","A","2019",15.6,
"LTU","SIGI","DISCRIMFAMCODE","IDX","A","2019",27.3,
"LTU","SIGI","RESTRCIVLIB","IDX","A","2019",19.7,
"LTU","SIGI","RESTRPHYSINTEG","IDX","A","2019",9.3,
"LTU","SIGI","RESTRRESASSETS","IDX","A","2014",0,
"LTU","SIGI","RESTRRESASSETS","IDX","A","2019",4.6,
"MKD","SIGI","TOT","IDX","A","2019",18,
"MKD","SIGI","DISCRIMFAMCODE","IDX","A","2019",27.7,
"MKD","SIGI","RESTRCIVLIB","IDX","A","2019",15.2,
"MKD","SIGI","RESTRPHYSINTEG","IDX","A","2019",15.1,
"MKD","SIGI","RESTRRESASSETS","IDX","A","2014",40.76,
"MKD","SIGI","RESTRRESASSETS","IDX","A","2019",13.4,
"MYS","SIGI","DISCRIMFAMCODE","IDX","A","2019",80.8,
"MYS","SIGI","RESTRRESASSETS","IDX","A","2014",40.76,
"MDA","SIGI","TOT","IDX","A","2019",21.4,
"MDA","SIGI","DISCRIMFAMCODE","IDX","A","2019",23,
"MDA","SIGI","RESTRCIVLIB","IDX","A","2019",11,
"MDA","SIGI","RESTRPHYSINTEG","IDX","A","2019",12.7,
"MDA","SIGI","RESTRRESASSETS","IDX","A","2014",20.48,
"MDA","SIGI","RESTRRESASSETS","IDX","A","2019",36.7,
"MOZ","SIGI","TOT","IDX","A","2019",24.3,
"MOZ","SIGI","DISCRIMFAMCODE","IDX","A","2019",32,
"MOZ","SIGI","RESTRCIVLIB","IDX","A","2019",32.9,
"MOZ","SIGI","RESTRPHYSINTEG","IDX","A","2019",15.5,
"MOZ","SIGI","RESTRRESASSETS","IDX","A","2014",40.76,
"MOZ","SIGI","RESTRRESASSETS","IDX","A","2019",15.3,
"NGA","SIGI","TOT","IDX","A","2019",46,
"NGA","SIGI","DISCRIMFAMCODE","IDX","A","2019",54.8,
"NGA","SIGI","RESTRCIVLIB","IDX","A","2019",53.9,
"NGA","SIGI","RESTRPHYSINTEG","IDX","A","2019",32,
"NGA","SIGI","RESTRRESASSETS","IDX","A","2014",76.26,
"NGA","SIGI","RESTRRESASSETS","IDX","A","2019",41.4,
"PAK","SIGI","TOT","IDX","A","2019",58.7,
"PAK","SIGI","DISCRIMFAMCODE","IDX","A","2019",79.8,
"PAK","SIGI","RESTRCIVLIB","IDX","A","2019",53.1,
"PAK","SIGI","RESTRPHYSINTEG","IDX","A","2019",37.1,
"PAK","SIGI","RESTRRESASSETS","IDX","A","2014",40.76,
"PAK","SIGI","RESTRRESASSETS","IDX","A","2019",60.1,
"PRY","SIGI","TOT","IDX","A","2019",32.8,
"PRY","SIGI","DISCRIMFAMCODE","IDX","A","2019",46.1,
"PRY","SIGI","RESTRCIVLIB","IDX","A","2019",29.8,
"PRY","SIGI","RESTRPHYSINTEG","IDX","A","2019",22.1,
"PRY","SIGI","RESTRRESASSETS","IDX","A","2014",40.76,
"PRY","SIGI","RESTRRESASSETS","IDX","A","2019",31.7,
"PER","SIGI","TOT","IDX","A","2019",24.5,
"PER","SIGI","DISCRIMFAMCODE","IDX","A","2019",47.7,
"PER","SIGI","RESTRCIVLIB","IDX","A","2019",12.9,
"PER","SIGI","RESTRPHYSINTEG","IDX","A","2019",26.6,
"PER","SIGI","RESTRRESASSETS","IDX","A","2014",40.76,
"PER","SIGI","RESTRRESASSETS","IDX","A","2019",5.5,
"PHL","SIGI","TOT","IDX","A","2019",52.8,
"PHL","SIGI","DISCRIMFAMCODE","IDX","A","2019",67.2,
"PHL","SIGI","RESTRCIVLIB","IDX","A","2019",45.1,
"PHL","SIGI","RESTRPHYSINTEG","IDX","A","2019",25.7,
"PHL","SIGI","RESTRRESASSETS","IDX","A","2014",59.13,
"PHL","SIGI","RESTRRESASSETS","IDX","A","2019",67.2,
"ROU","SIGI","TOT","IDX","A","2019",16.6,
"ROU","SIGI","DISCRIMFAMCODE","IDX","A","2019",28,
"ROU","SIGI","RESTRCIVLIB","IDX","A","2019",22.1,
"ROU","SIGI","RESTRPHYSINTEG","IDX","A","2019",7.7,
"ROU","SIGI","RESTRRESASSETS","IDX","A","2014",0,
"ROU","SIGI","RESTRRESASSETS","IDX","A","2019",7.1,
"RUS","SIGI","DISCRIMFAMCODE","IDX","A","2019",22.6,
"RUS","SIGI","RESTRCIVLIB","IDX","A","2019",31.5,
"RUS","SIGI","RESTRPHYSINTEG","IDX","A","2019",19.1,
"RUS","SIGI","RESTRRESASSETS","IDX","A","2014",0,
"RUS","SIGI","RESTRRESASSETS","IDX","A","2019",15.1,
"SAU","SIGI","DISCRIMFAMCODE","IDX","A","2019",89,
"SAU","SIGI","RESTRRESASSETS","IDX","A","2014",59.13,
"SAU","SIGI","RESTRRESASSETS","IDX","A","2019",40.7,
"SGP","SIGI","DISCRIMFAMCODE","IDX","A","2019",27.4,
"SGP","SIGI","RESTRCIVLIB","IDX","A","2019",49.2,
"SGP","SIGI","RESTRRESASSETS","IDX","A","2014",20.48,
"SGP","SIGI","RESTRRESASSETS","IDX","A","2019",11.9,
"SVN","SIGI","TOT","IDX","A","2019",12.9,
"SVN","SIGI","DISCRIMFAMCODE","IDX","A","2019",21.8,
"SVN","SIGI","RESTRCIVLIB","IDX","A","2019",13.2,
"SVN","SIGI","RESTRPHYSINTEG","IDX","A","2019",7.1,
"SVN","SIGI","RESTRRESASSETS","IDX","A","2014",0,
"SVN","SIGI","RESTRRESASSETS","IDX","A","2019",9,
"ZAF","SIGI","TOT","IDX","A","2019",22.4,
"ZAF","SIGI","DISCRIMFAMCODE","IDX","A","2019",33.2,
"ZAF","SIGI","RESTRCIVLIB","IDX","A","2019",21,
"ZAF","SIGI","RESTRPHYSINTEG","IDX","A","2019",15.1,
"ZAF","SIGI","RESTRRESASSETS","IDX","A","2014",40.76,
"ZAF","SIGI","RESTRRESASSETS","IDX","A","2019",19.6,
"SDN","SIGI","DISCRIMFAMCODE","IDX","A","2019",89.9,
"SDN","SIGI","RESTRRESASSETS","IDX","A","2014",81.63,
"TZA","SIGI","TOT","IDX","A","2019",46.1,
"TZA","SIGI","DISCRIMFAMCODE","IDX","A","2019",80.6,
"TZA","SIGI","RESTRCIVLIB","IDX","A","2019",35.2,
"TZA","SIGI","RESTRPHYSINTEG","IDX","A","2019",28.5,
"TZA","SIGI","RESTRRESASSETS","IDX","A","2014",59.13,
"TZA","SIGI","RESTRRESASSETS","IDX","A","2019",30,
"THA","SIGI","TOT","IDX","A","2019",35.5,
"THA","SIGI","DISCRIMFAMCODE","IDX","A","2019",33.4,
"THA","SIGI","RESTRCIVLIB","IDX","A","2019",56.8,
"THA","SIGI","RESTRPHYSINTEG","IDX","A","2019",22.7,
"THA","SIGI","RESTRRESASSETS","IDX","A","2014",38.85,
"THA","SIGI","RESTRRESASSETS","IDX","A","2019",25.2,
"UKR","SIGI","TOT","IDX","A","2019",21,
"UKR","SIGI","DISCRIMFAMCODE","IDX","A","2019",22.5,
"UKR","SIGI","RESTRCIVLIB","IDX","A","2019",28.7,
"UKR","SIGI","RESTRPHYSINTEG","IDX","A","2019",13.5,
"UKR","SIGI","RESTRRESASSETS","IDX","A","2014",0,
"UKR","SIGI","RESTRRESASSETS","IDX","A","2019",18.5,
"ARE","SIGI","DISCRIMFAMCODE","IDX","A","2019",86.7,
"ARE","SIGI","RESTRRESASSETS","IDX","A","2014",59.13,
"ARE","SIGI","RESTRRESASSETS","IDX","A","2019",28.5,
"URY","SIGI","DISCRIMFAMCODE","IDX","A","2019",27.6,
"URY","SIGI","RESTRCIVLIB","IDX","A","2019",22.8,
"URY","SIGI","RESTRPHYSINTEG","IDX","A","2019",11,
"URY","SIGI","RESTRRESASSETS","IDX","A","2014",18.37,
"URY","SIGI","RESTRRESASSETS","IDX","A","2019",26.6,
"VNM","SIGI","TOT","IDX","A","2019",25.3,
"VNM","SIGI","DISCRIMFAMCODE","IDX","A","2019",23.3,
"VNM","SIGI","RESTRCIVLIB","IDX","A","2019",13.8,
"VNM","SIGI","RESTRPHYSINTEG","IDX","A","2019",30.8,
"VNM","SIGI","RESTRRESASSETS","IDX","A","2014",40.76,
"VNM","SIGI","RESTRRESASSETS","IDX","A","2019",32.3,
"ZMB","SIGI","TOT","IDX","A","2019",34.8,
"ZMB","SIGI","DISCRIMFAMCODE","IDX","A","2019",40.7,
"ZMB","SIGI","RESTRCIVLIB","IDX","A","2019",41.8,
"ZMB","SIGI","RESTRPHYSINTEG","IDX","A","2019",27.6,
"ZMB","SIGI","RESTRRESASSETS","IDX","A","2014",100,
"ZMB","SIGI","RESTRRESASSETS","IDX","A","2019",28.2,
"SRB","SIGI","TOT","IDX","A","2019",19.8,
"SRB","SIGI","DISCRIMFAMCODE","IDX","A","2019",32.9,
"SRB","SIGI","RESTRCIVLIB","IDX","A","2019",18,
"SRB","SIGI","RESTRPHYSINTEG","IDX","A","2019",6.7,
"SRB","SIGI","RESTRRESASSETS","IDX","A","2014",0,
"SRB","SIGI","RESTRRESASSETS","IDX","A","2019",19.8,
"AFG","SIGI","TOT","IDX","A","2019",52.8,
"AFG","SIGI","DISCRIMFAMCODE","IDX","A","2019",81.3,
"AFG","SIGI","RESTRCIVLIB","IDX","A","2019",38.1,
"AFG","SIGI","RESTRPHYSINTEG","IDX","A","2019",39.8,
"AFG","SIGI","RESTRRESASSETS","IDX","A","2014",59.13,
"AFG","SIGI","RESTRRESASSETS","IDX","A","2019",45.6,
"AGO","SIGI","DISCRIMFAMCODE","IDX","A","2019",47.2,
"AGO","SIGI","RESTRPHYSINTEG","IDX","A","2019",19,
"AGO","SIGI","RESTRRESASSETS","IDX","A","2014",59.13,
"BHR","SIGI","DISCRIMFAMCODE","IDX","A","2019",92.1,
"BHR","SIGI","RESTRRESASSETS","IDX","A","2014",18.37,
"BEN","SIGI","TOT","IDX","A","2019",39.8,
"BEN","SIGI","DISCRIMFAMCODE","IDX","A","2019",40.5,
"BEN","SIGI","RESTRCIVLIB","IDX","A","2019",53.3,
"BEN","SIGI","RESTRPHYSINTEG","IDX","A","2019",27.7,
"BEN","SIGI","RESTRRESASSETS","IDX","A","2014",59.13,
"BEN","SIGI","RESTRRESASSETS","IDX","A","2019",36.2,
"BTN","SIGI","DISCRIMFAMCODE","IDX","A","2019",40.5,
"BTN","SIGI","RESTRPHYSINTEG","IDX","A","2019",22.9,
"BTN","SIGI","RESTRRESASSETS","IDX","A","2014",0,
"BOL","SIGI","TOT","IDX","A","2019",21.4,
"BOL","SIGI","DISCRIMFAMCODE","IDX","A","2019",28.5,
"BOL","SIGI","RESTRCIVLIB","IDX","A","2019",12.7,
"BOL","SIGI","RESTRPHYSINTEG","IDX","A","2019",16.2,
"BOL","SIGI","RESTRRESASSETS","IDX","A","2014",20.48,
"BOL","SIGI","RESTRRESASSETS","IDX","A","2019",27.4,
"BWA","SIGI","DISCRIMFAMCODE","IDX","A","2019",39.6,
"BWA","SIGI","RESTRCIVLIB","IDX","A","2019",52.4,
"BWA","SIGI","RESTRRESASSETS","IDX","A","2014",59.13,
"BWA","SIGI","RESTRRESASSETS","IDX","A","2019",39.9,
"BFA","SIGI","TOT","IDX","A","2019",32.4,
"BFA","SIGI","DISCRIMFAMCODE","IDX","A","2019",44.9,
"BFA","SIGI","RESTRCIVLIB","IDX","A","2019",13.8,
"BFA","SIGI","RESTRPHYSINTEG","IDX","A","2019",35.5,
"BFA","SIGI","RESTRRESASSETS","IDX","A","2014",59.13,
"BFA","SIGI","RESTRRESASSETS","IDX","A","2019",32.9,
"BDI","SIGI","RESTRPHYSINTEG","IDX","A","2019",31.9,
"BDI","SIGI","RESTRRESASSETS","IDX","A","2014",40.76,
"CMR","SIGI","TOT","IDX","A","2019",51.8,
"CMR","SIGI","DISCRIMFAMCODE","IDX","A","2019",51.1,
"CMR","SIGI","RESTRCIVLIB","IDX","A","2019",45.4,
"CMR","SIGI","RESTRPHYSINTEG","IDX","A","2019",26.3,
"CMR","SIGI","RESTRRESASSETS","IDX","A","2014",78.69,
"CMR","SIGI","RESTRRESASSETS","IDX","A","2019",77.7,
"CAF","SIGI","TOT","IDX","A","2019",43.4,
"CAF","SIGI","DISCRIMFAMCODE","IDX","A","2019",56.4,
"CAF","SIGI","RESTRCIVLIB","IDX","A","2019",54.2,
"CAF","SIGI","RESTRPHYSINTEG","IDX","A","2019",24.5,
"CAF","SIGI","RESTRRESASSETS","IDX","A","2014",59.13,
"CAF","SIGI","RESTRRESASSETS","IDX","A","2019",35.1,
"TCD","SIGI","TOT","IDX","A","2019",45.4,
"TCD","SIGI","DISCRIMFAMCODE","IDX","A","2019",55.8,
"TCD","SIGI","RESTRCIVLIB","IDX","A","2019",27.2,
"TCD","SIGI","RESTRPHYSINTEG","IDX","A","2019",32.2,
"TCD","SIGI","RESTRRESASSETS","IDX","A","2014",59.13,
"TCD","SIGI","RESTRRESASSETS","IDX","A","2019",61.9,
"COG","SIGI","DISCRIMFAMCODE","IDX","A","2019",42.8,
"COG","SIGI","RESTRCIVLIB","IDX","A","2019",58.3,
"COG","SIGI","RESTRRESASSETS","IDX","A","2014",40.76,
"CRI","SIGI","TOT","IDX","A","2019",27.9,
"CRI","SIGI","DISCRIMFAMCODE","IDX","A","2019",45.7,
"CRI","SIGI","RESTRCIVLIB","IDX","A","2019",10.5,
"CRI","SIGI","RESTRPHYSINTEG","IDX","A","2019",24.8,
"CRI","SIGI","RESTRRESASSETS","IDX","A","2014",40.76,
"CRI","SIGI","RESTRRESASSETS","IDX","A","2019",27.5,
"CIV","SIGI","TOT","IDX","A","2019",42.8,
"CIV","SIGI","DISCRIMFAMCODE","IDX","A","2019",29.7,
"CIV","SIGI","RESTRCIVLIB","IDX","A","2019",20.4,
"CIV","SIGI","RESTRPHYSINTEG","IDX","A","2019",35.6,
"CIV","SIGI","RESTRRESASSETS","IDX","A","2014",59.13,
"CIV","SIGI","RESTRRESASSETS","IDX","A","2019",76.1,
"CUB","SIGI","DISCRIMFAMCODE","IDX","A","2019",28.9,
"CUB","SIGI","RESTRRESASSETS","IDX","A","2014",0,
"PRK","SIGI","RESTRRESASSETS","IDX","A","2014",0,
"COD","SIGI","TOT","IDX","A","2019",39.5,
"COD","SIGI","DISCRIMFAMCODE","IDX","A","2019",53,
"COD","SIGI","RESTRCIVLIB","IDX","A","2019",20.7,
"COD","SIGI","RESTRPHYSINTEG","IDX","A","2019",35.1,
"COD","SIGI","RESTRRESASSETS","IDX","A","2014",95.82,
"COD","SIGI","RESTRRESASSETS","IDX","A","2019",46.4,
"DOM","SIGI","TOT","IDX","A","2019",18.2,
"DOM","SIGI","DISCRIMFAMCODE","IDX","A","2019",30.3,
"DOM","SIGI","RESTRCIVLIB","IDX","A","2019",11.2,
"DOM","SIGI","RESTRPHYSINTEG","IDX","A","2019",18.1,
"DOM","SIGI","RESTRRESASSETS","IDX","A","2014",0,
"DOM","SIGI","RESTRRESASSETS","IDX","A","2019",11.9,
"ECU","SIGI","TOT","IDX","A","2019",28.9,
"ECU","SIGI","DISCRIMFAMCODE","IDX","A","2019",34.8,
"ECU","SIGI","RESTRCIVLIB","IDX","A","2019",15.1,
"ECU","SIGI","RESTRPHYSINTEG","IDX","A","2019",18.9,
"ECU","SIGI","RESTRRESASSETS","IDX","A","2014",20.48,
"ECU","SIGI","RESTRRESASSETS","IDX","A","2019",44,
"SLV","SIGI","TOT","IDX","A","2019",22.9,
"SLV","SIGI","DISCRIMFAMCODE","IDX","A","2019",26.1,
"SLV","SIGI","RESTRCIVLIB","IDX","A","2019",17.8,
"SLV","SIGI","RESTRPHYSINTEG","IDX","A","2019",27.4,
"SLV","SIGI","RESTRRESASSETS","IDX","A","2014",38.85,
"SLV","SIGI","RESTRRESASSETS","IDX","A","2019",20,
"GNQ","SIGI","DISCRIMFAMCODE","IDX","A","2019",63.9,
"GNQ","SIGI","RESTRRESASSETS","IDX","A","2014",40.76,
"ERI","SIGI","DISCRIMFAMCODE","IDX","A","2019",42,
"ERI","SIGI","RESTRRESASSETS","IDX","A","2014",20.48,
"FJI","SIGI","DISCRIMFAMCODE","IDX","A","2019",24.7,
"FJI","SIGI","RESTRRESASSETS","IDX","A","2014",59.13,
"GAB","SIGI","TOT","IDX","A","2019",40.1,
"GAB","SIGI","DISCRIMFAMCODE","IDX","A","2019",50.5,
"GAB","SIGI","RESTRCIVLIB","IDX","A","2019",25.6,
"GAB","SIGI","RESTRPHYSINTEG","IDX","A","2019",37.3,
"GAB","SIGI","RESTRRESASSETS","IDX","A","2014",78.69,
"GAB","SIGI","RESTRRESASSETS","IDX","A","2019",45.5,
"GMB","SIGI","DISCRIMFAMCODE","IDX","A","2019",87.8,
"GMB","SIGI","RESTRCIVLIB","IDX","A","2019",48.4,
"GMB","SIGI","RESTRPHYSINTEG","IDX","A","2019",44.9,
"GMB","SIGI","RESTRRESASSETS","IDX","A","2014",100,
"GTM","SIGI","TOT","IDX","A","2019",28.6,
"GTM","SIGI","DISCRIMFAMCODE","IDX","A","2019",26.1,
"GTM","SIGI","RESTRCIVLIB","IDX","A","2019",43.4,
"GTM","SIGI","RESTRPHYSINTEG","IDX","A","2019",24.5,
"GTM","SIGI","RESTRRESASSETS","IDX","A","2014",20.48,
"GTM","SIGI","RESTRRESASSETS","IDX","A","2019",18.4,
"GIN","SIGI","TOT","IDX","A","2019",56.7,
"GIN","SIGI","DISCRIMFAMCODE","IDX","A","2019",87.7,
"GIN","SIGI","RESTRCIVLIB","IDX","A","2019",44.4,
"GIN","SIGI","RESTRPHYSINTEG","IDX","A","2019",56.9,
"GIN","SIGI","RESTRRESASSETS","IDX","A","2014",38.85,
"GIN","SIGI","RESTRRESASSETS","IDX","A","2019",28.2,
"GNB","SIGI","DISCRIMFAMCODE","IDX","A","2019",59.7,
"GNB","SIGI","RESTRRESASSETS","IDX","A","2014",59.13,
"HND","SIGI","TOT","IDX","A","2019",22.4,
"HND","SIGI","DISCRIMFAMCODE","IDX","A","2019",24.9,
"HND","SIGI","RESTRCIVLIB","IDX","A","2019",15.3,
"HND","SIGI","RESTRPHYSINTEG","IDX","A","2019",25,
"HND","SIGI","RESTRRESASSETS","IDX","A","2014",38.85,
"HND","SIGI","RESTRRESASSETS","IDX","A","2019",24.1,
"IRQ","SIGI","TOT","IDX","A","2019",53.7,
"IRQ","SIGI","DISCRIMFAMCODE","IDX","A","2019",87.5,
"IRQ","SIGI","RESTRCIVLIB","IDX","A","2019",51.5,
"IRQ","SIGI","RESTRPHYSINTEG","IDX","A","2019",30.7,
"IRQ","SIGI","RESTRRESASSETS","IDX","A","2014",59.13,
"IRQ","SIGI","RESTRRESASSETS","IDX","A","2019",34.4,
"JAM","SIGI","TOT","IDX","A","2019",24.7,
"JAM","SIGI","DISCRIMFAMCODE","IDX","A","2019",32,
"JAM","SIGI","RESTRCIVLIB","IDX","A","2019",22.9,
"JAM","SIGI","RESTRPHYSINTEG","IDX","A","2019",24.5,
"JAM","SIGI","RESTRRESASSETS","IDX","A","2014",0,
"JAM","SIGI","RESTRRESASSETS","IDX","A","2019",18.7,
"JOR","SIGI","TOT","IDX","A","2019",57.3,
"JOR","SIGI","DISCRIMFAMCODE","IDX","A","2019",86.9,
"JOR","SIGI","RESTRCIVLIB","IDX","A","2019",63.1,
"JOR","SIGI","RESTRPHYSINTEG","IDX","A","2019",25.2,
"JOR","SIGI","RESTRRESASSETS","IDX","A","2014",59.13,
"JOR","SIGI","RESTRRESASSETS","IDX","A","2019",43.4,
"KEN","SIGI","TOT","IDX","A","2019",35.5,
"KEN","SIGI","DISCRIMFAMCODE","IDX","A","2019",50.5,
"KEN","SIGI","RESTRCIVLIB","IDX","A","2019",17.2,
"KEN","SIGI","RESTRPHYSINTEG","IDX","A","2019",28.9,
"KEN","SIGI","RESTRRESASSETS","IDX","A","2014",59.13,
"KEN","SIGI","RESTRRESASSETS","IDX","A","2019",42.2,
"KWT","SIGI","DISCRIMFAMCODE","IDX","A","2019",75.8,
"KWT","SIGI","RESTRRESASSETS","IDX","A","2014",0,
"KWT","SIGI","RESTRRESASSETS","IDX","A","2019",80.3,
"KGZ","SIGI","TOT","IDX","A","2019",23.2,
"KGZ","SIGI","DISCRIMFAMCODE","IDX","A","2019",28.7,
"KGZ","SIGI","RESTRCIVLIB","IDX","A","2019",18,
"KGZ","SIGI","RESTRPHYSINTEG","IDX","A","2019",16.6,
"KGZ","SIGI","RESTRRESASSETS","IDX","A","2014",59.13,
"KGZ","SIGI","RESTRRESASSETS","IDX","A","2019",28.8,
"LAO","SIGI","TOT","IDX","A","2019",26.2,
"LAO","SIGI","DISCRIMFAMCODE","IDX","A","2019",31.3,
"LAO","SIGI","RESTRCIVLIB","IDX","A","2019",29,
"LAO","SIGI","RESTRPHYSINTEG","IDX","A","2019",23.9,
"LAO","SIGI","RESTRRESASSETS","IDX","A","2014",40.76,
"LAO","SIGI","RESTRRESASSETS","IDX","A","2019",20.2,
"LBN","SIGI","TOT","IDX","A","2019",56.2,
"LBN","SIGI","DISCRIMFAMCODE","IDX","A","2019",82.5,
"LBN","SIGI","RESTRCIVLIB","IDX","A","2019",62.1,
"LBN","SIGI","RESTRPHYSINTEG","IDX","A","2019",26.6,
"LBN","SIGI","RESTRRESASSETS","IDX","A","2014",59.13,
"LBN","SIGI","RESTRRESASSETS","IDX","A","2019",45.1,
"LSO","SIGI","TOT","IDX","A","2019",38.1,
"LSO","SIGI","DISCRIMFAMCODE","IDX","A","2019",46.5,
"LSO","SIGI","RESTRCIVLIB","IDX","A","2019",37.6,
"LSO","SIGI","RESTRPHYSINTEG","IDX","A","2019",26.9,
"LSO","SIGI","RESTRRESASSETS","IDX","A","2014",20.48,
"LSO","SIGI","RESTRRESASSETS","IDX","A","2019",40.5,
"LBR","SIGI","TOT","IDX","A","2019",47.5,
"LBR","SIGI","DISCRIMFAMCODE","IDX","A","2019",60,
"LBR","SIGI","RESTRCIVLIB","IDX","A","2019",52.8,
"LBR","SIGI","RESTRPHYSINTEG","IDX","A","2019",33.5,
"LBR","SIGI","RESTRRESASSETS","IDX","A","2014",40.76,
"LBR","SIGI","RESTRRESASSETS","IDX","A","2019",41.5,
"LBY","SIGI","DISCRIMFAMCODE","IDX","A","2019",40.8,
"LBY","SIGI","RESTRRESASSETS","IDX","A","2014",59.13,
"MDG","SIGI","TOT","IDX","A","2019",47.5,
"MDG","SIGI","DISCRIMFAMCODE","IDX","A","2019",57.2,
"MDG","SIGI","RESTRCIVLIB","IDX","A","2019",59.4,
"MDG","SIGI","RESTRPHYSINTEG","IDX","A","2019",31.6,
"MDG","SIGI","RESTRRESASSETS","IDX","A","2014",20.48,
"MDG","SIGI","RESTRRESASSETS","IDX","A","2019",39.2,
"MWI","SIGI","TOT","IDX","A","2019",41.4,
"MWI","SIGI","DISCRIMFAMCODE","IDX","A","2019",38.5,
"MWI","SIGI","RESTRCIVLIB","IDX","A","2019",61.9,
"MWI","SIGI","RESTRPHYSINTEG","IDX","A","2019",24.1,
"MWI","SIGI","RESTRRESASSETS","IDX","A","2014",59.13,
"MWI","SIGI","RESTRRESASSETS","IDX","A","2019",37.4,
"MLI","SIGI","TOT","IDX","A","2019",46,
"MLI","SIGI","DISCRIMFAMCODE","IDX","A","2019",63.5,
"MLI","SIGI","RESTRCIVLIB","IDX","A","2019",28.9,
"MLI","SIGI","RESTRPHYSINTEG","IDX","A","2019",48.4,
"MLI","SIGI","RESTRRESASSETS","IDX","A","2014",40.76,
"MLI","SIGI","RESTRRESASSETS","IDX","A","2019",39.9,
"MRT","SIGI","DISCRIMFAMCODE","IDX","A","2019",88.1,
"MRT","SIGI","RESTRCIVLIB","IDX","A","2019",52.2,
"MRT","SIGI","RESTRRESASSETS","IDX","A","2014",59.13,
"MUS","SIGI","DISCRIMFAMCODE","IDX","A","2019",52.7,
"MUS","SIGI","RESTRCIVLIB","IDX","A","2019",40.7,
"MUS","SIGI","RESTRRESASSETS","IDX","A","2014",0,
"MUS","SIGI","RESTRRESASSETS","IDX","A","2019",19.2,
"MNG","SIGI","TOT","IDX","A","2019",20,
"MNG","SIGI","DISCRIMFAMCODE","IDX","A","2019",27.8,
"MNG","SIGI","RESTRCIVLIB","IDX","A","2019",22.9,
"MNG","SIGI","RESTRPHYSINTEG","IDX","A","2019",8.1,
"MNG","SIGI","RESTRRESASSETS","IDX","A","2014",20.48,
"MNG","SIGI","RESTRRESASSETS","IDX","A","2019",20.1,
"MAR","SIGI","TOT","IDX","A","2019",50.8,
"MAR","SIGI","DISCRIMFAMCODE","IDX","A","2019",73.4,
"MAR","SIGI","RESTRCIVLIB","IDX","A","2019",59.3,
"MAR","SIGI","RESTRPHYSINTEG","IDX","A","2019",25.7,
"MAR","SIGI","RESTRRESASSETS","IDX","A","2014",38.85,
"MAR","SIGI","RESTRRESASSETS","IDX","A","2019",37.8,
"MMR","SIGI","TOT","IDX","A","2019",42.4,
"MMR","SIGI","DISCRIMFAMCODE","IDX","A","2019",47.7,
"MMR","SIGI","RESTRCIVLIB","IDX","A","2019",54.9,
"MMR","SIGI","RESTRPHYSINTEG","IDX","A","2019",29.5,
"MMR","SIGI","RESTRRESASSETS","IDX","A","2014",59.13,
"MMR","SIGI","RESTRRESASSETS","IDX","A","2019",35.5,
"NAM","SIGI","TOT","IDX","A","2019",27.1,
"NAM","SIGI","DISCRIMFAMCODE","IDX","A","2019",33.1,
"NAM","SIGI","RESTRCIVLIB","IDX","A","2019",35.1,
"NAM","SIGI","RESTRPHYSINTEG","IDX","A","2019",12.6,
"NAM","SIGI","RESTRRESASSETS","IDX","A","2014",59.13,
"NAM","SIGI","RESTRRESASSETS","IDX","A","2019",26.2,
"NPL","SIGI","TOT","IDX","A","2019",36.2,
"NPL","SIGI","DISCRIMFAMCODE","IDX","A","2019",52.3,
"NPL","SIGI","RESTRCIVLIB","IDX","A","2019",40.2,
"NPL","SIGI","RESTRPHYSINTEG","IDX","A","2019",13.7,
"NPL","SIGI","RESTRRESASSETS","IDX","A","2014",59.13,
"NPL","SIGI","RESTRRESASSETS","IDX","A","2019",34.7,
"NIC","SIGI","TOT","IDX","A","2019",18.6,
"NIC","SIGI","DISCRIMFAMCODE","IDX","A","2019",25.3,
"NIC","SIGI","RESTRCIVLIB","IDX","A","2019",6.2,
"NIC","SIGI","RESTRPHYSINTEG","IDX","A","2019",25.6,
"NIC","SIGI","RESTRRESASSETS","IDX","A","2014",38.85,
"NIC","SIGI","RESTRRESASSETS","IDX","A","2019",16,
"NER","SIGI","DISCRIMFAMCODE","IDX","A","2019",84.4,
"NER","SIGI","RESTRCIVLIB","IDX","A","2019",25.6,
"NER","SIGI","RESTRRESASSETS","IDX","A","2014",59.13,
"PSE","SIGI","DISCRIMFAMCODE","IDX","A","2019",89.2,
"PSE","SIGI","RESTRCIVLIB","IDX","A","2019",59.4,
"PSE","SIGI","RESTRRESASSETS","IDX","A","2014",59.13,
"PSE","SIGI","RESTRRESASSETS","IDX","A","2019",64.9,
"OMN","SIGI","DISCRIMFAMCODE","IDX","A","2019",86.5,
"OMN","SIGI","RESTRRESASSETS","IDX","A","2014",59.13,
"PAN","SIGI","DISCRIMFAMCODE","IDX","A","2019",15.5,
"PAN","SIGI","RESTRCIVLIB","IDX","A","2019",17.8,
"PAN","SIGI","RESTRRESASSETS","IDX","A","2014",0,
"PAN","SIGI","RESTRRESASSETS","IDX","A","2019",16.1,
"PNG","SIGI","DISCRIMFAMCODE","IDX","A","2019",54.2,
"PNG","SIGI","RESTRRESASSETS","IDX","A","2014",80.44,
"QAT","SIGI","DISCRIMFAMCODE","IDX","A","2019",92,
"QAT","SIGI","RESTRRESASSETS","IDX","A","2014",59.13,
"RWA","SIGI","TOT","IDX","A","2019",27.6,
"RWA","SIGI","DISCRIMFAMCODE","IDX","A","2019",38,
"RWA","SIGI","RESTRCIVLIB","IDX","A","2019",23.5,
"RWA","SIGI","RESTRPHYSINTEG","IDX","A","2019",21.4,
"RWA","SIGI","RESTRRESASSETS","IDX","A","2014",59.13,
"RWA","SIGI","RESTRRESASSETS","IDX","A","2019",26.5,
"SEN","SIGI","TOT","IDX","A","2019",37,
"SEN","SIGI","DISCRIMFAMCODE","IDX","A","2019",64.9,
"SEN","SIGI","RESTRCIVLIB","IDX","A","2019",3.6,
"SEN","SIGI","RESTRPHYSINTEG","IDX","A","2019",41.9,
"SEN","SIGI","RESTRRESASSETS","IDX","A","2014",40.76,
"SEN","SIGI","RESTRRESASSETS","IDX","A","2019",27.6,
"SLE","SIGI","TOT","IDX","A","2019",47.6,
"SLE","SIGI","DISCRIMFAMCODE","IDX","A","2019",53.7,
"SLE","SIGI","RESTRCIVLIB","IDX","A","2019",40.9,
"SLE","SIGI","RESTRPHYSINTEG","IDX","A","2019",50.4,
"SLE","SIGI","RESTRRESASSETS","IDX","A","2014",80.44,
"SLE","SIGI","RESTRRESASSETS","IDX","A","2019",44.8,
"SOM","SIGI","DISCRIMFAMCODE","IDX","A","2019",76.2,
"SOM","SIGI","RESTRRESASSETS","IDX","A","2014",76.26,
"LKA","SIGI","TOT","IDX","A","2019",43,
"LKA","SIGI","DISCRIMFAMCODE","IDX","A","2019",67.6,
"LKA","SIGI","RESTRCIVLIB","IDX","A","2019",28.6,
"LKA","SIGI","RESTRPHYSINTEG","IDX","A","2019",24.5,
"LKA","SIGI","RESTRRESASSETS","IDX","A","2014",62.07,
"LKA","SIGI","RESTRRESASSETS","IDX","A","2019",45.6,
"SWZ","SIGI","DISCRIMFAMCODE","IDX","A","2019",59.2,
"SWZ","SIGI","RESTRRESASSETS","IDX","A","2014",59.13,
"SYR","SIGI","DISCRIMFAMCODE","IDX","A","2019",86.1,
"SYR","SIGI","RESTRRESASSETS","IDX","A","2014",59.13,
"TJK","SIGI","TOT","IDX","A","2019",32.4,
"TJK","SIGI","DISCRIMFAMCODE","IDX","A","2019",47.8,
"TJK","SIGI","RESTRCIVLIB","IDX","A","2019",25.1,
"TJK","SIGI","RESTRPHYSINTEG","IDX","A","2019",20.2,
"TJK","SIGI","RESTRRESASSETS","IDX","A","2014",20.28,
"TJK","SIGI","RESTRRESASSETS","IDX","A","2019",34.1,
"TLS","SIGI","DISCRIMFAMCODE","IDX","A","2019",31,
"TLS","SIGI","RESTRPHYSINTEG","IDX","A","2019",34.4,
"TLS","SIGI","RESTRRESASSETS","IDX","A","2014",59.13,
"TGO","SIGI","TOT","IDX","A","2019",49.5,
"TGO","SIGI","DISCRIMFAMCODE","IDX","A","2019",63.1,
"TGO","SIGI","RESTRCIVLIB","IDX","A","2019",62,
"TGO","SIGI","RESTRPHYSINTEG","IDX","A","2019",24.7,
"TGO","SIGI","RESTRRESASSETS","IDX","A","2014",59.13,
"TGO","SIGI","RESTRRESASSETS","IDX","A","2019",43.5,
"TTO","SIGI","TOT","IDX","A","2019",23.5,
"TTO","SIGI","DISCRIMFAMCODE","IDX","A","2019",18.3,
"TTO","SIGI","RESTRCIVLIB","IDX","A","2019",28.5,
"TTO","SIGI","RESTRPHYSINTEG","IDX","A","2019",26.6,
"TTO","SIGI","RESTRRESASSETS","IDX","A","2014",0,
"TTO","SIGI","RESTRRESASSETS","IDX","A","2019",20.4,
"TUN","SIGI","TOT","IDX","A","2019",47.6,
"TUN","SIGI","DISCRIMFAMCODE","IDX","A","2019",79.9,
"TUN","SIGI","RESTRCIVLIB","IDX","A","2019",52.8,
"TUN","SIGI","RESTRPHYSINTEG","IDX","A","2019",9.4,
"TUN","SIGI","RESTRRESASSETS","IDX","A","2014",59.13,
"TUN","SIGI","RESTRRESASSETS","IDX","A","2019",35,
"TKM","SIGI","DISCRIMFAMCODE","IDX","A","2019",29.8,
"TKM","SIGI","RESTRRESASSETS","IDX","A","2014",20.48,
"UGA","SIGI","TOT","IDX","A","2019",45.1,
"UGA","SIGI","DISCRIMFAMCODE","IDX","A","2019",54,
"UGA","SIGI","RESTRCIVLIB","IDX","A","2019",26.6,
"UGA","SIGI","RESTRPHYSINTEG","IDX","A","2019",34.3,
"UGA","SIGI","RESTRRESASSETS","IDX","A","2014",59.13,
"UGA","SIGI","RESTRRESASSETS","IDX","A","2019",61.4,
"UZB","SIGI","DISCRIMFAMCODE","IDX","A","2019",42.2,
"UZB","SIGI","RESTRCIVLIB","IDX","A","2019",23.5,
"UZB","SIGI","RESTRRESASSETS","IDX","A","2014",59.13,
"VEN","SIGI","DISCRIMFAMCODE","IDX","A","2019",43.5,
"VEN","SIGI","RESTRCIVLIB","IDX","A","2019",14.6,
"VEN","SIGI","RESTRRESASSETS","IDX","A","2014",0,
"VEN","SIGI","RESTRRESASSETS","IDX","A","2019",12.7,
"YEM","SIGI","TOT","IDX","A","2019",64,
"YEM","SIGI","DISCRIMFAMCODE","IDX","A","2019",89.7,
"YEM","SIGI","RESTRCIVLIB","IDX","A","2019",75.8,
"YEM","SIGI","RESTRPHYSINTEG","IDX","A","2019",37.7,
"YEM","SIGI","RESTRRESASSETS","IDX","A","2014",59.13,
"YEM","SIGI","RESTRRESASSETS","IDX","A","2019",43.2,
"ZWE","SIGI","TOT","IDX","A","2019",32.4,
"ZWE","SIGI","DISCRIMFAMCODE","IDX","A","2019",42.8,
"ZWE","SIGI","RESTRCIVLIB","IDX","A","2019",30.9,
"ZWE","SIGI","RESTRPHYSINTEG","IDX","A","2019",20.2,
"ZWE","SIGI","RESTRRESASSETS","IDX","A","2014",40.76,
"ZWE","SIGI","RESTRRESASSETS","IDX","A","2019",34.3,
"AUS","SIGI","TOT","IDX","A","2019",16.1,
"AUS","SIGI","RESTRPHYSINTEG","IDX","A","2019",12.9,
"AUT","SIGI","TOT","IDX","A","2019",11.7,
"AUT","SIGI","RESTRPHYSINTEG","IDX","A","2019",7.7,
"CAN","SIGI","TOT","IDX","A","2019",18.3,
"CAN","SIGI","RESTRPHYSINTEG","IDX","A","2019",4.2,
"DNK","SIGI","TOT","IDX","A","2019",10.4,
"DNK","SIGI","RESTRPHYSINTEG","IDX","A","2019",10.2,
"FIN","SIGI","TOT","IDX","A","2019",15.3,
"FIN","SIGI","RESTRPHYSINTEG","IDX","A","2019",16.4,
"DEU","SIGI","TOT","IDX","A","2019",15,
"DEU","SIGI","RESTRPHYSINTEG","IDX","A","2019",14.5,
"GRC","SIGI","TOT","IDX","A","2019",27.1,
"GRC","SIGI","RESTRPHYSINTEG","IDX","A","2019",9.3,
"HUN","SIGI","TOT","IDX","A","2019",25.7,
"HUN","SIGI","DISCRIMFAMCODE","IDX","A","2019",34.1,
"IRL","SIGI","TOT","IDX","A","2019",17.1,
"IRL","SIGI","RESTRPHYSINTEG","IDX","A","2019",18.5,
"JPN","SIGI","TOT","IDX","A","2019",24,
"JPN","SIGI","RESTRPHYSINTEG","IDX","A","2019",21.3,
"KOR","SIGI","TOT","IDX","A","2019",23.4,
"KOR","SIGI","RESTRPHYSINTEG","IDX","A","2019",17.5,
"MEX","SIGI","TOT","IDX","A","2019",29,
"NLD","SIGI","TOT","IDX","A","2019",16.1,
"NLD","SIGI","RESTRPHYSINTEG","IDX","A","2019",13.5,
"NZL","SIGI","TOT","IDX","A","2019",16.7,
"NZL","SIGI","RESTRPHYSINTEG","IDX","A","2019",17.5,
"NOR","SIGI","TOT","IDX","A","2019",14.5,
"NOR","SIGI","RESTRPHYSINTEG","IDX","A","2019",7,
"POL","SIGI","TOT","IDX","A","2019",17.4,
"POL","SIGI","RESTRPHYSINTEG","IDX","A","2019",19.7,
"PRT","SIGI","TOT","IDX","A","2019",11.2,
"PRT","SIGI","RESTRPHYSINTEG","IDX","A","2019",7.4,
"SVK","SIGI","TOT","IDX","A","2019",16.5,
"SVK","SIGI","RESTRPHYSINTEG","IDX","A","2019",5.9,
"SWE","SIGI","TOT","IDX","A","2019",10.5,
"SWE","SIGI","RESTRPHYSINTEG","IDX","A","2019",8.1,
"CHE","SIGI","TOT","IDX","A","2019",8.1,
"CHE","SIGI","RESTRPHYSINTEG","IDX","A","2019",13.3,
"GBR","SIGI","TOT","IDX","A","2019",17.5,
"GBR","SIGI","RESTRPHYSINTEG","IDX","A","2019",24.5,
"USA","SIGI","TOT","IDX","A","2019",17.9,
"BRN","SIGI","DISCRIMFAMCODE","IDX","A","2019",79.9,
"CHL","SIGI","TOT","IDX","A","2019",36.1,
"CHL","SIGI","RESTRPHYSINTEG","IDX","A","2019",18.8,
"HRV","SIGI","TOT","IDX","A","2019",19.3,
"HRV","SIGI","RESTRPHYSINTEG","IDX","A","2019",7,
"CYP","SIGI","TOT","IDX","A","2019",28.3,
"CYP","SIGI","RESTRPHYSINTEG","IDX","A","2019",11.7,
"GNQ","SIGI","RESTRPHYSINTEG","IDX","A","2019",37.5,
"EST","SIGI","TOT","IDX","A","2019",14.1,
"EST","SIGI","RESTRPHYSINTEG","IDX","A","2019",7.3,
"HKG","SIGI","TOT","IDX","A","2019",21.2,
"HKG","SIGI","RESTRPHYSINTEG","IDX","A","2019",22.5,
"IRN","SIGI","TOT","IDX","A","2019",58.3,
"IRN","SIGI","RESTRPHYSINTEG","IDX","A","2019",29.1,
"MLT","SIGI","TOT","IDX","A","2019",21.5,
"MLT","SIGI","DISCRIMFAMCODE","IDX","A","2019",24.9,
"MLT","SIGI","RESTRCIVLIB","IDX","A","2019",26.3,
"MLT","SIGI","RESTRPHYSINTEG","IDX","A","2019",28.4,
"RUS","SIGI","TOT","IDX","A","2019",22.3,
"SGP","SIGI","TOT","IDX","A","2019",27,
"SGP","SIGI","RESTRPHYSINTEG","IDX","A","2019",14.8,
"TWN","SIGI","DISCRIMFAMCODE","IDX","A","2019",37.2,
"TWN","SIGI","RESTRCIVLIB","IDX","A","2019",15.9,
"URY","SIGI","TOT","IDX","A","2019",22.2,
"MNE","SIGI","DISCRIMFAMCODE","IDX","A","2019",27.6,
"MNE","SIGI","RESTRCIVLIB","IDX","A","2019",13.7,
"MLT","SIGI","RESTRRESASSETS","IDX","A","2019",4.9,
"MNE","SIGI","RESTRRESASSETS","IDX","A","2019",28.7,
